student_id,student_name,high_school
90-1224392,"Milne, Pacorro",Century Valley HS
20-8278289,"AlamedaTemby, ",Century Valley HS
11-6088308,"Lytle, Gleda",Century Valley HS
32-3520060,"Whapham, Sansone",Century Valley HS
26-0258078,"Cordes, Lowell",Century Valley HS
84-7734793,"Sinyard, Nathaniel",Century Valley HS
94-0665037,"Spurdle, Lishe",Century Valley HS
38-4414688,"Dobrowolny, Vivienne",Century Valley HS
06-1483387,"Annis, Noelle",Century Valley HS
27-4337757,"Rosborough, Archibald",Century Valley HS
92-6053856,"Stoodley, Byron",Century Valley HS
32-0162262,"Draper, Grove",Century Valley HS
84-0825061,"Petruk, Ulises",Century Valley HS
35-3424560,"Maddr, Lotty",Century Valley HS
18-3856435,"Cashley, Blondy",Century Valley HS
74-3200574,"D'Alesco, Hanna",Century Valley HS
61-1075173,"Mumberson, Angelo",Century Valley HS
09-2921083,"Wilstead, Daron",Century Valley HS
57-4476171,"Faustin, Huntley",Century Valley HS
47-8225102,"Akast, Ugo",Century Valley HS
26-4307923,"Denning, Frasco",Century Valley HS
31-0941082,"Gawthorpe, Hadleigh",Century Valley HS
17-1192528,"Levane, Laurel",Century Valley HS
80-1501457,"Smithend, Fidelity",Century Valley HS
43-2200225,"Pettwood, Janeen",Century Valley HS